GlobalCorp_001,Milan Aviaenergy
GlobalCorp_002,Gulf Healthmarket
GlobalCorp_003,German Infohealth
GlobalCorp_004,(ltd.) Move Motors
GlobalCorp_005,British Marketholding
GlobalCorp_006,Terraventure (ltd.)
GlobalCorp_007,(ltd.) Infomarket
GlobalCorp_008,(plc) Motors Motor
GlobalCorp_009,London Tech Dynamics
GlobalCorp_010,(llc) Solutions Quality
GlobalCorp_011,(llc) Public Industries
GlobalCorp_012,Arabian Core Markets
GlobalCorp_013,Healthlogitic Us-
GlobalCorp_014,(bsc) Industries Ez
GlobalCorp_015,Manama Heavy Ventures
GlobalCorp_016,(bsc) Logistics Space
GlobalCorp_017,(plc) Genlogitic
GlobalCorp_018,Britannia Capital Code
GlobalCorp_019,Transsolution Arabian
GlobalCorp_020,Shopcorp (llc)
GlobalCorp_021,Voltmotor British
GlobalCorp_022,Spectrasolution (ksc)
GlobalCorp_023,(ltd.) Velocity Systems
GlobalCorp_024,Pentalogitic (ltd.)
GlobalCorp_025,Qualityholding Pearl
GlobalCorp_026,Arabian Griddynamic
GlobalCorp_027,Emirates Nexus Enterprises
GlobalCorp_028,(plc) Capital Gene
GlobalCorp_029,Omani Systems Shop
GlobalCorp_030,Uk Globalholding
GlobalCorp_031,British Orbit Logistics
GlobalCorp_032,Riyadh Pharmatechnologie
GlobalCorp_033,British Logic Motors
GlobalCorp_034,Flowenterprie British
GlobalCorp_035,(ltd.) Shoplogitic
GlobalCorp_036,Global Sun Technologies
GlobalCorp_037,Playlogitic American
GlobalCorp_038,Apexholding (spa)
GlobalCorp_039,Madrid Solutions Penta
GlobalCorp_040,Choicemotor (bsc)
GlobalCorp_041,Arabian Technologies Metro
GlobalCorp_042,Nexusgroup Jeddah
GlobalCorp_043,(sa) Pharma Technologies
GlobalCorp_044,Britannia Ez Energy
GlobalCorp_045,Gulf Motors Core
GlobalCorp_046,Britannia Aero Markets
GlobalCorp_047,Britannia Solutions Vitae
GlobalCorp_048,Quantumsytem Muscat
GlobalCorp_049,(plc) Cargologitic
GlobalCorp_050,Euro Goods Corp
GlobalCorp_051,Britannia Markets Gas
GlobalCorp_052,Spectrasolution (nv)
GlobalCorp_053,Uk Energy Evo
GlobalCorp_054,Techgroup (gmbh)
GlobalCorp_055,Puretechnologie Holland
GlobalCorp_056,Aquagroup Omani
GlobalCorp_057,(qfc) Servegroup
GlobalCorp_058,(plc) Novamarket
GlobalCorp_059,Italian Primelogitic
GlobalCorp_060,Globallogitic Kuwaiti
GlobalCorp_061,Milan Skysolution
GlobalCorp_062,Ad Gendata
GlobalCorp_063,Madrid Sys Systems
GlobalCorp_064,(llc) Flow Capital
GlobalCorp_065,Euro Technologies Market
GlobalCorp_066,Britannia Data Gas
GlobalCorp_067,(sa) Buzzenterprie
GlobalCorp_068,Jeddah Industries Shift
GlobalCorp_069,Cyberdynamic Uk
GlobalCorp_070,Gulf Choicelab
GlobalCorp_071,Muscat Metrologitic
GlobalCorp_072,Arabian Systems Apex
GlobalCorp_073,Healthdata Irish
GlobalCorp_074,Muscat Markets Click
GlobalCorp_075,American Markets Titan
GlobalCorp_076,Spacecorp Kwt
GlobalCorp_077,Healthventure Arabian
GlobalCorp_078,Oman Quantumenterprie
GlobalCorp_079,Global Enterprises Nexus
GlobalCorp_080,(ltd.) Choice Motors
GlobalCorp_081,(bsc) Motors Gulf
GlobalCorp_082,Britannia Vision Health
GlobalCorp_083,Evocapital (plc)
GlobalCorp_084,Britannia Futuredata
GlobalCorp_085,Kuwaiti Markets Choice
GlobalCorp_086,(llc) Infraglobal
GlobalCorp_087,London Globalsolution
GlobalCorp_088,(nv) Data Cura
GlobalCorp_089,Websolution Kuwaiti
GlobalCorp_090,Britannia Data Global
GlobalCorp_091,London Spacesolution
GlobalCorp_092,Bahrain Pharma Energy
GlobalCorp_093,Codeglobal (ltd.)
GlobalCorp_094,Manama Cargomarket
GlobalCorp_095,(ltd.) Primemarket
GlobalCorp_096,Powerdynamic Oman
GlobalCorp_097,Visiondynamic Uk
GlobalCorp_098,Doha Industries Apex
GlobalCorp_099,London Industries Tech
GlobalCorp_100,(sa) Choice Corp
GlobalCorp_101,(bsc) Infra Group
GlobalCorp_102,(inc.) Nexuslogitic
GlobalCorp_103,(gmbh) Medicalab
GlobalCorp_104,Britannia Dynamics Go
GlobalCorp_105,Coreenterprie Us-
GlobalCorp_106,Spacesytem Global
GlobalCorp_107,Gulf Enterprises Gen
GlobalCorp_108,Global Data Capital
GlobalCorp_109,Cargomotor Euro
GlobalCorp_110,(plc) Goodsenterprie
GlobalCorp_111,(ltd.) Voltmotor
GlobalCorp_112,Britannia Echomotor
GlobalCorp_113,Kwt Drivecorp
GlobalCorp_114,Gulf Omni Systems
GlobalCorp_115,Qualitylogitic Muscat
GlobalCorp_116,Us- Aqua Capital
GlobalCorp_117,Riyadh Omnitechnologie
GlobalCorp_118,Paris Geneenterprie
GlobalCorp_119,Martcorp Britannia
GlobalCorp_120,Titantechnologie Gulf
GlobalCorp_121,Celtic Sky Enterprises
GlobalCorp_122,Us- Global Health
GlobalCorp_123,Microholding Dublin
GlobalCorp_124,France Ship Ventures
GlobalCorp_125,(inc.) Corp Prime
GlobalCorp_126,Petroenterprie Iberia
GlobalCorp_127,(qfc) Solutions Play
GlobalCorp_128,Italian Motor Solutions
GlobalCorp_129,(ksc) Industries Omni
GlobalCorp_130,Gulf Data Fresh
GlobalCorp_131,Metrodata (nv)
GlobalCorp_132,Apexlogitic British
GlobalCorp_133,Dubai Gene Global
GlobalCorp_134,Britannia Markets Click
GlobalCorp_135,Coreventure Muscat
GlobalCorp_136,(ltd.) Dynamic Global
GlobalCorp_137,Curalogitic Doha
GlobalCorp_138,Ksa Sysventure
GlobalCorp_139,Manama Energy Nexus
GlobalCorp_140,Primedynamic (ksc)
GlobalCorp_141,Gulfsytem Doha
GlobalCorp_142,Buzzgroup (ltd.)
GlobalCorp_143,Madrid Apexindutrie
GlobalCorp_144,Techglobal Us
GlobalCorp_145,(nv) Crestcorp
GlobalCorp_146,Terragroup (llc)
GlobalCorp_147,(saog) Apex Industries
GlobalCorp_148,Jeddah Nova Group
GlobalCorp_149,Uk Prime Health
GlobalCorp_150,Qatari Titan Capital
